Dataset name,Species/Varieties,Materials/Organization/Conditions,Data type/modality,Data stage,Sample/sequence scale,Quality indicators/report links,Tag/annotation status,Storage location/access method,Source/Version,Permission/compliance status
MaizeGenDB Genome Assemblies,Zea mays; 141 maize accessions (including 90 newly assembled and 51 previously published high-quality genomes),Maize inbred lines/accessions; de novo genome assemblies,"Genomics; whole-genome assemblies, gene annotations, mRNA/CDS/protein sequences",Reference genome and annotation resource,142 genome assemblies; ~5.86 million annotated genes,"Assembly statistics, chromosome-level assemblies, scaffold N50, genome size, gene number available per accession",Genome annotation available; gene models linked to accession pages,https://ngdc.cncb.ac.cn/maizegendb/,MaizeGenDB (NGDC CNCB); current database release,Publicly accessible academic resource
MaizeGenDB Pan-genome,Zea mays; 141 maize inbred lines,Multiple maize accessions used for pan-genome construction,"Pan-genomics; core genes, variable genes, pan-gene haplotypes, structural variation",Integrated comparative genomic resource,"280,546 pan-gene clusters; ~1.25 million structural variations","Pan-gene clustering, haplotype information, sequence alignments and phylogenetic analysis",Pan-gene annotation and homolog information available,https://ngdc.cncb.ac.cn/maizegendb/,MaizeGenDB; pan-genome module,Publicly accessible academic resource
RNA-seq transcriptome of Mo17 tissues,Zea mays Mo17 inbred line,Multiple tissues and developmental stages,Bulk RNA-seq transcriptomics; gene expression profiles,Processed expression dataset,42 tissue-stage RNA-seq samples,"Expression profiles visualized as heatmaps, box plots and line charts",Gene expression annotated by tissue and developmental stage,https://ngdc.cncb.ac.cn/maizegendb/transcriptome,"Chen et al., Nature Genetics 2023; Mo17v2 reference",Publicly accessible academic resource
RNA-seq seed organ transcriptome,Zea mays B73,Nucellus samples across seed developmental stages,Bulk RNA-seq transcriptomics,Processed expression dataset,193 seed-organ RNA-seq samples,FPKM-based expression profiles with developmental-stage annotation,Tissue-stage and gene-function annotations available,https://ngdc.cncb.ac.cn/maizegendb/transcriptome,MaizeGenDB seed-organ transcriptome dataset,Publicly accessible academic resource
Maize endosperm single-cell RNA-seq,Zea mays B73 inbred line,Endosperm tissue collected at 6-7 days after pollination,Single-cell RNA sequencing (scRNA-seq),Processed single-cell expression atlas,"17,022 high-quality cells; 25,365 detected genes","Cell QC metrics, clusters, cell-cycle scores and regulon activity scores","Cell types annotated: aleurone, starchy endosperm, BETL, ESR, EAS",https://ngdc.cncb.ac.cn/maizegendb/transcriptome_scrna,"Yuan et al., Nature Communications 2024",Publicly accessible academic resource
Maize population SNP/InDel variation,"Zea mays; 3,367 maize accessions",Population-level genomic variation based on B73v4 reference,Variomics; SNP and small InDel variants,Processed variant dataset,"12,783,178 SNPs and 1,862,507 InDels","Variant type, genomic position, allele frequency, missing rate and functional consequence",Variant annotation and haplotype analysis available,https://ngdc.cncb.ac.cn/maizegendb/variome,MaizeGenDB B73v4 variation dataset,Publicly accessible academic resource
Maize structural variation dataset,Zea mays; 141 maize accessions,Genome assemblies aligned to Mo17v2 reference,Structural variation (SV) genomics,Processed variant resource,Approximately 1.25 million structural variations,"SV types, genomic locations and accession-level information",Structural variation annotations available,https://ngdc.cncb.ac.cn/maizegendb/variome,MaizeGenDB Mo17v2 SV dataset,Publicly accessible academic resource
Maize epigenomics resource,Zea mays B73,"Seedling, embryo and ear tissues",Epigenomics; chromatin marks and regulatory datasets,Integrated epigenomic annotation resource,18 chromatin marks; 54 histone modification maps,Chromatin mark tracks available through genome browser,Epigenomic tracks integrated with genome browser,https://ngdc.cncb.ac.cn/maizegendb/epigenome,MaizeGenDB epigenomic datasets,Publicly accessible academic resource
Maize phenomics dataset,"Zea mays; approximately 3,000 maize varieties",Phenotypic records collected from different countries and years,Phenomics; agronomic traits,Curated phenotype database,"38,604 phenotype records; 16 major traits; 23 countries",Trait descriptions and accession-associated phenotypes available,Trait annotations and accession links available,https://ngdc.cncb.ac.cn/maizegendb/phenome,MaizeGenDB phenotype resource,Publicly accessible academic resource
