model,n_comps,global_acc,lm_acc,lm_macro,global_macro,lm_coverage
Botanic0_L,8,0.5730593607305936,0.6073059360730594,0.5259912535681811,0.4577529404885106,1.0
Botanic0_L,16,0.7899543378995434,0.7374429223744292,0.6838386304995466,0.739336642081373,1.0
Botanic0_L,32,0.8310502283105022,0.7671232876712328,0.7153070057889285,0.806212758136779,1.0
Botanic0_L,64,0.8858447488584474,0.815068493150685,0.7687839183052992,0.8586573516808677,1.0
Botanic0_L,128,0.8904109589041096,0.769406392694064,0.7105051543989004,0.873459217875972,1.0
Botanic0_L,256,0.7899543378995434,0.6141552511415526,0.4960849991465199,0.7129405021893195,1.0
GENERator_v2_eukaryote_3b,8,0.4703196347031963,0.4863013698630137,0.3889060174671498,0.34216196662171294,1.0
GENERator_v2_eukaryote_3b,16,0.6004566210045662,0.634703196347032,0.594872794111054,0.5477777671237697,1.0
GENERator_v2_eukaryote_3b,32,0.682648401826484,0.6461187214611872,0.6096732527876385,0.6588919533444579,1.0
GENERator_v2_eukaryote_3b,64,0.7990867579908676,0.723744292237443,0.6834989606121518,0.7847468908765934,1.0
GENERator_v2_eukaryote_3b,128,0.8515981735159818,0.6986301369863014,0.6203261721061815,0.8259842870423512,1.0
GENERator_v2_eukaryote_3b,256,0.7420091324200914,0.6164383561643836,0.5148858427418738,0.6836272071006253,1.0
NTv3_650M_pre,8,0.3926940639269406,0.4589041095890411,0.32719019018847995,0.21326993287508736,1.0
NTv3_650M_pre,16,0.5821917808219178,0.5776255707762558,0.4668215165167059,0.44392530118274126,1.0
NTv3_650M_pre,32,0.7420091324200914,0.6484018264840182,0.5542400761314812,0.6403839906241172,1.0
NTv3_650M_pre,64,0.771689497716895,0.6894977168949772,0.6250272887083448,0.7340248334854229,1.0
NTv3_650M_pre,128,0.815068493150685,0.680365296803653,0.6445610411340121,0.7825573049959476,1.0
NTv3_650M_pre,256,0.6757990867579908,0.5799086757990868,0.5314077570020476,0.6271914029341906,1.0
OryzaG3_32k,8,0.4200913242009132,0.4726027397260274,0.4122080590325739,0.32365966462787693,1.0
OryzaG3_32k,16,0.5182648401826484,0.5,0.4643531248561356,0.4464482287943737,1.0
OryzaG3_32k,32,0.5228310502283106,0.4954337899543379,0.43834098380022596,0.4741254559241138,1.0
OryzaG3_32k,64,0.5296803652968036,0.4954337899543379,0.42478819005912766,0.5024247732443511,1.0
OryzaG3_32k,128,0.5205479452054794,0.4794520547945205,0.3928020276788691,0.4831139130305348,1.0
OryzaG3_32k,256,0.4360730593607306,0.4383561643835616,0.3386469148138998,0.3594315412331758,1.0
PlantCAD2_Large,8,0.6187214611872146,0.6506849315068494,0.5983868869980659,0.5591388407434054,1.0
PlantCAD2_Large,16,0.8310502283105022,0.7899543378995434,0.7562663256904694,0.8097686092538025,1.0
PlantCAD2_Large,32,0.91324200913242,0.8424657534246576,0.8222696506553092,0.9113270369923706,1.0
PlantCAD2_Large,64,0.9748858447488584,0.8538812785388128,0.8357992041510627,0.9727521643438711,1.0
PlantCAD2_Large,128,0.9406392694063926,0.8036529680365296,0.7746401826834567,0.9408574168973342,1.0
PlantCAD2_Large,256,0.8515981735159818,0.6712328767123288,0.6054812334113985,0.8391047738752173,1.0
agront_1b,8,0.634703196347032,0.6301369863013698,0.5392353403062413,0.5215248847430062,1.0
agront_1b,16,0.7922374429223744,0.7511415525114156,0.685463876635518,0.7386347146079706,1.0
agront_1b,32,0.8242009132420092,0.7808219178082192,0.7320414163129455,0.7827749447097229,1.0
agront_1b,64,0.8378995433789954,0.7808219178082192,0.7234595344024373,0.8049617276070463,1.0
agront_1b,128,0.8584474885844748,0.7442922374429224,0.6645989681652938,0.8279667507306653,1.0
agront_1b,256,0.7488584474885844,0.639269406392694,0.5205042172366655,0.6818024538650241,1.0
rice_1B_stage2_8k,8,0.3698630136986301,0.3995433789954338,0.3056381835307768,0.24535017367607104,1.0
rice_1B_stage2_8k,16,0.5228310502283106,0.4383561643835616,0.38711963444493686,0.457907239285738,1.0
rice_1B_stage2_8k,32,0.5547945205479452,0.4885844748858447,0.42965810444616187,0.4912680559500422,1.0
rice_1B_stage2_8k,64,0.5205479452054794,0.5136986301369864,0.44640679524578414,0.4776204085416759,1.0
rice_1B_stage2_8k,128,0.4771689497716895,0.5182648401826484,0.4319763252795796,0.41789201804825854,1.0
rice_1B_stage2_8k,256,0.3607305936073059,0.4520547945205479,0.3457390345936081,0.2897418209023718,1.0
