label,n,lm_recall,global_recall,model
Cytochrome P450,43,0.813953488372093,0.9069767441860465,Botanic0_L
MFS transporter,45,0.8222222222222222,0.9777777777777777,Botanic0_L
NAC TF,44,0.75,0.9090909090909091,Botanic0_L
Protein kinase,159,0.9245283018867925,0.9371069182389937,Botanic0_L
RING/FYVE/PHD,68,0.5882352941176471,0.8382352941176471,Botanic0_L
TPR,48,0.6875,0.7708333333333334,Botanic0_L
bZIP TF,31,0.3870967741935484,0.7741935483870968,Botanic0_L
Cytochrome P450,43,0.627906976744186,0.8604651162790697,GENERator_v2_eukaryote_3b
MFS transporter,45,0.6666666666666666,0.9777777777777777,GENERator_v2_eukaryote_3b
NAC TF,44,0.7045454545454546,0.7954545454545454,GENERator_v2_eukaryote_3b
Protein kinase,159,0.9119496855345912,0.9119496855345912,GENERator_v2_eukaryote_3b
RING/FYVE/PHD,68,0.5441176470588235,0.8088235294117647,GENERator_v2_eukaryote_3b
TPR,48,0.5,0.75,GENERator_v2_eukaryote_3b
bZIP TF,31,0.3870967741935484,0.6774193548387096,GENERator_v2_eukaryote_3b
Cytochrome P450,43,0.7674418604651163,0.813953488372093,NTv3_650M_pre
MFS transporter,45,0.7111111111111111,0.9111111111111111,NTv3_650M_pre
NAC TF,44,0.5681818181818182,0.6136363636363636,NTv3_650M_pre
Protein kinase,159,0.7672955974842768,0.8805031446540881,NTv3_650M_pre
RING/FYVE/PHD,68,0.6911764705882353,0.8823529411764706,NTv3_650M_pre
TPR,48,0.4583333333333333,0.6666666666666666,NTv3_650M_pre
bZIP TF,31,0.5483870967741935,0.7096774193548387,NTv3_650M_pre
Cytochrome P450,43,0.37209302325581395,0.4418604651162791,OryzaG3_32k
MFS transporter,45,0.4888888888888889,0.6888888888888889,OryzaG3_32k
NAC TF,44,0.45454545454545453,0.38636363636363635,OryzaG3_32k
Protein kinase,159,0.710691823899371,0.6037735849056604,OryzaG3_32k
RING/FYVE/PHD,68,0.3235294117647059,0.47058823529411764,OryzaG3_32k
TPR,48,0.2708333333333333,0.5,OryzaG3_32k
bZIP TF,31,0.12903225806451613,0.2903225806451613,OryzaG3_32k
Cytochrome P450,43,0.7906976744186046,0.9534883720930233,PlantCAD2_Large
MFS transporter,45,0.7777777777777778,0.9555555555555556,PlantCAD2_Large
NAC TF,44,0.7954545454545454,0.9318181818181818,PlantCAD2_Large
Protein kinase,159,0.8742138364779874,0.9371069182389937,PlantCAD2_Large
RING/FYVE/PHD,68,0.8382352941176471,0.9558823529411765,PlantCAD2_Large
TPR,48,0.6041666666666666,0.9166666666666666,PlantCAD2_Large
bZIP TF,31,0.7419354838709677,0.9354838709677419,PlantCAD2_Large
Cytochrome P450,43,0.6976744186046512,0.9302325581395349,agront_1b
MFS transporter,45,0.8,0.9333333333333333,agront_1b
NAC TF,44,0.6136363636363636,0.7727272727272727,agront_1b
Protein kinase,159,0.9433962264150944,0.9371069182389937,agront_1b
RING/FYVE/PHD,68,0.6176470588235294,0.7647058823529411,agront_1b
TPR,48,0.625,0.8125,agront_1b
bZIP TF,31,0.3548387096774194,0.6451612903225806,agront_1b
Cytochrome P450,43,0.46511627906976744,0.3023255813953488,rice_1B_stage2_8k
MFS transporter,45,0.4444444444444444,0.5333333333333333,rice_1B_stage2_8k
NAC TF,44,0.5227272727272727,0.4772727272727273,rice_1B_stage2_8k
Protein kinase,159,0.7169811320754716,0.6037735849056604,rice_1B_stage2_8k
RING/FYVE/PHD,68,0.45588235294117646,0.4117647058823529,rice_1B_stage2_8k
TPR,48,0.3541666666666667,0.5,rice_1B_stage2_8k
bZIP TF,31,0.06451612903225806,0.0967741935483871,rice_1B_stage2_8k
