model,n_comps,global_acc,lm_acc,lm_coverage
Botanic0_L,16,0.7853881278538812,0.730593607305936,1.0
Botanic0_L,32,0.8310502283105022,0.7785388127853882,1.0
Botanic0_L,64,0.8835616438356164,0.8310502283105022,1.0
Botanic0_L,128,0.8858447488584474,0.7625570776255708,1.0
GENERator_v2_eukaryote_3b,16,0.6164383561643836,0.6232876712328768,1.0
GENERator_v2_eukaryote_3b,32,0.7031963470319634,0.6552511415525114,1.0
GENERator_v2_eukaryote_3b,64,0.7990867579908676,0.7420091324200914,1.0
GENERator_v2_eukaryote_3b,128,0.8584474885844748,0.7214611872146118,1.0
NTv3_650M_pre,16,0.6735159817351598,0.639269406392694,1.0
NTv3_650M_pre,32,0.7534246575342466,0.7146118721461188,1.0
NTv3_650M_pre,64,0.8242009132420092,0.7442922374429224,1.0
NTv3_650M_pre,128,0.7671232876712328,0.7100456621004566,1.0
OryzaG3_32k,16,0.4863013698630137,0.5,1.0
OryzaG3_32k,32,0.5114155251141552,0.4748858447488584,1.0
OryzaG3_32k,64,0.5251141552511416,0.4908675799086758,1.0
OryzaG3_32k,128,0.4954337899543379,0.4726027397260274,1.0
PlantCAD2_Large,16,0.8424657534246576,0.7990867579908676,1.0
PlantCAD2_Large,32,0.9337899543378996,0.867579908675799,1.0
PlantCAD2_Large,64,0.9748858447488584,0.8881278538812786,1.0
PlantCAD2_Large,128,0.9383561643835616,0.8356164383561644,1.0
agront_1b,16,0.8059360730593608,0.7831050228310502,1.0
agront_1b,32,0.8401826484018264,0.7831050228310502,1.0
agront_1b,64,0.8310502283105022,0.8059360730593608,1.0
agront_1b,128,0.8470319634703196,0.771689497716895,1.0
rice_1B_stage2_8k,16,0.5136986301369864,0.4840182648401826,1.0
rice_1B_stage2_8k,32,0.5662100456621004,0.5251141552511416,1.0
rice_1B_stage2_8k,64,0.5273972602739726,0.5639269406392694,1.0
rice_1B_stage2_8k,128,0.502283105022831,0.5182648401826484,1.0
