model,bin,bp_lo,bp_hi,n,lm_acc
Botanic0_L,0,1270.9999999999998,2810.9910957934085,146,0.8493150684931506
Botanic0_L,1,2810.9910957934085,4370.997941915768,146,0.7671232876712328
Botanic0_L,2,4370.997941915768,6987.999999999999,146,0.6712328767123288
GENERator_v2_eukaryote_3b,0,1270.9999999999998,2810.9910957934085,146,0.7808219178082192
GENERator_v2_eukaryote_3b,1,2810.9910957934085,4370.997941915768,146,0.6917808219178082
GENERator_v2_eukaryote_3b,2,4370.997941915768,6987.999999999999,146,0.6917808219178082
NTv3_650M_pre,0,1270.9999999999998,2810.9910957934085,146,0.684931506849315
NTv3_650M_pre,1,2810.9910957934085,4370.997941915768,146,0.7054794520547946
NTv3_650M_pre,2,4370.997941915768,6987.999999999999,146,0.7397260273972602
OryzaG3_32k,0,1270.9999999999998,2810.9910957934085,146,0.4178082191780822
OryzaG3_32k,1,2810.9910957934085,4370.997941915768,146,0.5205479452054794
OryzaG3_32k,2,4370.997941915768,6987.999999999999,146,0.4794520547945205
PlantCAD2_Large,0,1270.9999999999998,2810.9910957934085,146,0.8698630136986302
PlantCAD2_Large,1,2810.9910957934085,4370.997941915768,146,0.815068493150685
PlantCAD2_Large,2,4370.997941915768,6987.999999999999,146,0.821917808219178
agront_1b,0,1270.9999999999998,2810.9910957934085,146,0.8493150684931506
agront_1b,1,2810.9910957934085,4370.997941915768,146,0.7534246575342466
agront_1b,2,4370.997941915768,6987.999999999999,146,0.7123287671232876
rice_1B_stage2_8k,0,1270.9999999999998,2810.9910957934085,146,0.5958904109589042
rice_1B_stage2_8k,1,2810.9910957934085,4370.997941915768,146,0.5205479452054794
rice_1B_stage2_8k,2,4370.997941915768,6987.999999999999,146,0.4383561643835616
