depth,n_genotypes,frac_genotypes_pct,n_sites,frac_sites_pct
1,0,0.000000,5,0.000015
2,0,0.000000,77,0.000227
3,0,0.000000,96,0.000283
4,0,0.000000,111,0.000327
5,0,0.000000,120,0.000354
6,0,0.000000,121,0.000357
7,0,0.000000,132,0.000389
8,0,0.000000,110,0.000324
9,0,0.000000,124,0.000365
10,0,0.000000,148,0.000436
11,0,0.000000,148,0.000436
12,0,0.000000,158,0.000466
13,0,0.000000,135,0.000398
14,0,0.000000,153,0.000451
15,0,0.000000,149,0.000439
16,0,0.000000,170,0.000501
17,0,0.000000,149,0.000439
18,0,0.000000,178,0.000525
19,0,0.000000,181,0.000533
20,0,0.000000,192,0.000566
21,0,0.000000,189,0.000557
22,0,0.000000,178,0.000525
23,0,0.000000,154,0.000454
24,0,0.000000,161,0.000475
25,0,0.000000,201,0.000592
26,0,0.000000,199,0.000587
27,0,0.000000,186,0.000548
28,0,0.000000,152,0.000448
29,0,0.000000,211,0.000622
30,0,0.000000,195,0.000575
31,0,0.000000,205,0.000604
32,0,0.000000,209,0.000616
33,0,0.000000,177,0.000522
34,0,0.000000,195,0.000575
35,0,0.000000,181,0.000533
36,0,0.000000,185,0.000545
37,0,0.000000,163,0.000480
38,0,0.000000,179,0.000528
39,0,0.000000,174,0.000513
40,0,0.000000,187,0.000551
41,0,0.000000,183,0.000539
42,0,0.000000,179,0.000528
43,0,0.000000,170,0.000501
44,0,0.000000,202,0.000595
45,0,0.000000,209,0.000616
46,0,0.000000,195,0.000575
47,0,0.000000,186,0.000548
48,0,0.000000,189,0.000557
49,0,0.000000,209,0.000616
50,0,0.000000,186,0.000548
51,0,0.000000,194,0.000572
52,0,0.000000,191,0.000563
53,0,0.000000,206,0.000607
54,0,0.000000,185,0.000545
55,0,0.000000,200,0.000589
56,0,0.000000,217,0.000640
57,0,0.000000,202,0.000595
58,0,0.000000,193,0.000569
59,0,0.000000,197,0.000581
60,0,0.000000,204,0.000601
61,0,0.000000,204,0.000601
62,0,0.000000,185,0.000545
63,0,0.000000,228,0.000672
64,0,0.000000,239,0.000704
65,0,0.000000,209,0.000616
66,0,0.000000,225,0.000663
67,0,0.000000,211,0.000622
68,0,0.000000,209,0.000616
69,0,0.000000,228,0.000672
70,0,0.000000,211,0.000622
71,0,0.000000,246,0.000725
72,0,0.000000,221,0.000651
73,0,0.000000,239,0.000704
74,0,0.000000,204,0.000601
75,0,0.000000,221,0.000651
76,0,0.000000,229,0.000675
77,0,0.000000,209,0.000616
78,0,0.000000,178,0.000525
79,0,0.000000,217,0.000640
80,0,0.000000,230,0.000678
81,0,0.000000,231,0.000681
82,0,0.000000,218,0.000643
83,0,0.000000,233,0.000687
84,0,0.000000,226,0.000666
85,0,0.000000,217,0.000640
86,0,0.000000,251,0.000740
87,0,0.000000,231,0.000681
88,0,0.000000,228,0.000672
89,0,0.000000,235,0.000693
90,0,0.000000,254,0.000749
91,0,0.000000,248,0.000731
92,0,0.000000,245,0.000722
93,0,0.000000,261,0.000769
94,0,0.000000,235,0.000693
95,0,0.000000,237,0.000699
96,0,0.000000,229,0.000675
97,0,0.000000,236,0.000696
98,0,0.000000,234,0.000690
99,0,0.000000,267,0.000787
100,0,0.000000,274,0.000808
101,0,0.000000,215,0.000634
102,0,0.000000,250,0.000737
103,0,0.000000,227,0.000669
104,0,0.000000,237,0.000699
105,0,0.000000,232,0.000684
106,0,0.000000,248,0.000731
107,0,0.000000,228,0.000672
108,0,0.000000,229,0.000675
109,0,0.000000,251,0.000740
110,0,0.000000,220,0.000648
111,0,0.000000,221,0.000651
112,0,0.000000,238,0.000701
113,0,0.000000,229,0.000675
114,0,0.000000,258,0.000760
115,0,0.000000,235,0.000693
116,0,0.000000,235,0.000693
117,0,0.000000,250,0.000737
118,0,0.000000,238,0.000701
119,0,0.000000,291,0.000858
120,0,0.000000,233,0.000687
121,0,0.000000,232,0.000684
122,0,0.000000,280,0.000825
123,0,0.000000,264,0.000778
124,0,0.000000,232,0.000684
125,0,0.000000,253,0.000746
126,0,0.000000,212,0.000625
127,0,0.000000,262,0.000772
128,0,0.000000,246,0.000725
129,0,0.000000,263,0.000775
130,0,0.000000,225,0.000663
131,0,0.000000,236,0.000696
132,0,0.000000,256,0.000755
133,0,0.000000,243,0.000716
134,0,0.000000,246,0.000725
135,0,0.000000,247,0.000728
136,0,0.000000,225,0.000663
137,0,0.000000,223,0.000657
138,0,0.000000,266,0.000784
139,0,0.000000,269,0.000793
140,0,0.000000,242,0.000713
141,0,0.000000,247,0.000728
142,0,0.000000,229,0.000675
143,0,0.000000,234,0.000690
144,0,0.000000,253,0.000746
145,0,0.000000,251,0.000740
146,0,0.000000,217,0.000640
147,0,0.000000,237,0.000699
148,0,0.000000,285,0.000840
149,0,0.000000,254,0.000749
150,0,0.000000,266,0.000784
151,0,0.000000,282,0.000831
152,0,0.000000,264,0.000778
153,0,0.000000,256,0.000755
154,0,0.000000,254,0.000749
155,0,0.000000,269,0.000793
156,0,0.000000,226,0.000666
157,0,0.000000,245,0.000722
158,0,0.000000,254,0.000749
159,0,0.000000,245,0.000722
160,0,0.000000,254,0.000749
161,0,0.000000,251,0.000740
162,0,0.000000,286,0.000843
163,0,0.000000,243,0.000716
164,0,0.000000,245,0.000722
165,0,0.000000,229,0.000675
166,0,0.000000,233,0.000687
167,0,0.000000,268,0.000790
168,0,0.000000,265,0.000781
169,0,0.000000,264,0.000778
170,0,0.000000,277,0.000816
171,0,0.000000,246,0.000725
172,0,0.000000,265,0.000781
173,0,0.000000,260,0.000766
174,0,0.000000,249,0.000734
175,0,0.000000,251,0.000740
176,0,0.000000,268,0.000790
177,0,0.000000,258,0.000760
178,0,0.000000,268,0.000790
179,0,0.000000,268,0.000790
180,0,0.000000,264,0.000778
181,0,0.000000,276,0.000813
182,0,0.000000,265,0.000781
183,0,0.000000,218,0.000643
184,0,0.000000,271,0.000799
185,0,0.000000,282,0.000831
186,0,0.000000,251,0.000740
187,0,0.000000,268,0.000790
188,0,0.000000,278,0.000819
189,0,0.000000,268,0.000790
190,0,0.000000,257,0.000757
191,0,0.000000,261,0.000769
192,0,0.000000,256,0.000755
193,0,0.000000,281,0.000828
194,0,0.000000,242,0.000713
195,0,0.000000,241,0.000710
196,0,0.000000,290,0.000855
197,0,0.000000,272,0.000802
198,0,0.000000,272,0.000802
199,0,0.000000,270,0.000796
200,0,0.000000,272,0.000802
201,0,0.000000,255,0.000752
202,0,0.000000,277,0.000816
203,0,0.000000,269,0.000793
204,0,0.000000,291,0.000858
205,0,0.000000,260,0.000766
206,0,0.000000,285,0.000840
207,0,0.000000,272,0.000802
208,0,0.000000,288,0.000849
209,0,0.000000,253,0.000746
210,0,0.000000,297,0.000875
211,0,0.000000,261,0.000769
212,0,0.000000,260,0.000766
213,0,0.000000,273,0.000805
214,0,0.000000,277,0.000816
215,0,0.000000,282,0.000831
216,0,0.000000,315,0.000928
217,0,0.000000,268,0.000790
218,0,0.000000,268,0.000790
219,0,0.000000,292,0.000861
220,0,0.000000,263,0.000775
221,0,0.000000,288,0.000849
222,0,0.000000,291,0.000858
223,0,0.000000,281,0.000828
224,0,0.000000,275,0.000811
225,0,0.000000,289,0.000852
226,0,0.000000,255,0.000752
227,0,0.000000,310,0.000914
228,0,0.000000,298,0.000878
229,0,0.000000,303,0.000893
230,0,0.000000,293,0.000864
231,0,0.000000,253,0.000746
232,0,0.000000,288,0.000849
233,0,0.000000,268,0.000790
234,0,0.000000,287,0.000846
235,0,0.000000,253,0.000746
236,0,0.000000,297,0.000875
237,0,0.000000,309,0.000911
238,0,0.000000,268,0.000790
239,0,0.000000,302,0.000890
240,0,0.000000,286,0.000843
241,0,0.000000,249,0.000734
242,0,0.000000,256,0.000755
243,0,0.000000,283,0.000834
244,0,0.000000,271,0.000799
245,0,0.000000,285,0.000840
246,0,0.000000,266,0.000784
247,0,0.000000,303,0.000893
248,0,0.000000,266,0.000784
249,0,0.000000,273,0.000805
250,0,0.000000,280,0.000825
251,0,0.000000,313,0.000923
252,0,0.000000,316,0.000931
253,0,0.000000,326,0.000961
254,0,0.000000,288,0.000849
255,0,0.000000,292,0.000861
256,0,0.000000,284,0.000837
257,0,0.000000,300,0.000884
258,0,0.000000,314,0.000925
259,0,0.000000,300,0.000884
260,0,0.000000,293,0.000864
261,0,0.000000,319,0.000940
262,0,0.000000,305,0.000899
263,0,0.000000,279,0.000822
264,0,0.000000,298,0.000878
265,0,0.000000,288,0.000849
266,0,0.000000,311,0.000917
267,0,0.000000,305,0.000899
268,0,0.000000,316,0.000931
269,0,0.000000,321,0.000946
270,0,0.000000,317,0.000934
271,0,0.000000,310,0.000914
272,0,0.000000,333,0.000981
273,0,0.000000,283,0.000834
274,0,0.000000,322,0.000949
275,0,0.000000,304,0.000896
276,0,0.000000,334,0.000984
277,0,0.000000,326,0.000961
278,0,0.000000,286,0.000843
279,0,0.000000,314,0.000925
280,0,0.000000,304,0.000896
281,0,0.000000,344,0.001014
282,0,0.000000,342,0.001008
283,0,0.000000,287,0.000846
284,0,0.000000,304,0.000896
285,0,0.000000,305,0.000899
286,0,0.000000,305,0.000899
287,0,0.000000,296,0.000872
288,0,0.000000,309,0.000911
289,0,0.000000,305,0.000899
290,0,0.000000,324,0.000955
291,0,0.000000,293,0.000864
292,0,0.000000,298,0.000878
293,0,0.000000,332,0.000979
294,0,0.000000,305,0.000899
295,0,0.000000,308,0.000908
296,0,0.000000,302,0.000890
297,0,0.000000,310,0.000914
298,0,0.000000,296,0.000872
299,0,0.000000,310,0.000914
300,0,0.000000,336,0.000990
301,0,0.000000,324,0.000955
302,0,0.000000,329,0.000970
303,0,0.000000,299,0.000881
304,0,0.000000,276,0.000813
305,0,0.000000,282,0.000831
306,0,0.000000,311,0.000917
307,0,0.000000,322,0.000949
308,0,0.000000,343,0.001011
309,0,0.000000,311,0.000917
310,0,0.000000,314,0.000925
311,0,0.000000,320,0.000943
312,0,0.000000,307,0.000905
313,0,0.000000,332,0.000979
314,0,0.000000,342,0.001008
315,0,0.000000,322,0.000949
316,0,0.000000,289,0.000852
317,0,0.000000,326,0.000961
318,0,0.000000,329,0.000970
319,0,0.000000,341,0.001005
320,0,0.000000,325,0.000958
321,0,0.000000,347,0.001023
322,0,0.000000,338,0.000996
323,0,0.000000,340,0.001002
324,0,0.000000,321,0.000946
325,0,0.000000,335,0.000987
326,0,0.000000,346,0.001020
327,0,0.000000,347,0.001023
328,0,0.000000,324,0.000955
329,0,0.000000,345,0.001017
330,0,0.000000,336,0.000990
331,0,0.000000,329,0.000970
332,0,0.000000,330,0.000973
333,0,0.000000,320,0.000943
334,0,0.000000,288,0.000849
335,0,0.000000,311,0.000917
336,0,0.000000,333,0.000981
337,0,0.000000,335,0.000987
338,0,0.000000,319,0.000940
339,0,0.000000,332,0.000979
340,0,0.000000,333,0.000981
341,0,0.000000,323,0.000952
342,0,0.000000,347,0.001023
343,0,0.000000,344,0.001014
344,0,0.000000,328,0.000967
345,0,0.000000,331,0.000976
346,0,0.000000,320,0.000943
347,0,0.000000,344,0.001014
348,0,0.000000,301,0.000887
349,0,0.000000,292,0.000861
350,0,0.000000,335,0.000987
351,0,0.000000,364,0.001073
352,0,0.000000,329,0.000970
353,0,0.000000,286,0.000843
354,0,0.000000,323,0.000952
355,0,0.000000,295,0.000869
356,0,0.000000,298,0.000878
357,0,0.000000,330,0.000973
358,0,0.000000,336,0.000990
359,0,0.000000,309,0.000911
360,0,0.000000,388,0.001144
361,0,0.000000,323,0.000952
362,0,0.000000,364,0.001073
363,0,0.000000,327,0.000964
364,0,0.000000,381,0.001123
365,0,0.000000,327,0.000964
366,0,0.000000,339,0.000999
367,0,0.000000,365,0.001076
368,0,0.000000,332,0.000979
369,0,0.000000,362,0.001067
370,0,0.000000,384,0.001132
371,0,0.000000,306,0.000902
372,0,0.000000,374,0.001102
373,0,0.000000,364,0.001073
374,0,0.000000,333,0.000981
375,0,0.000000,354,0.001043
376,0,0.000000,340,0.001002
377,0,0.000000,351,0.001035
378,0,0.000000,350,0.001032
379,0,0.000000,354,0.001043
380,0,0.000000,352,0.001037
381,0,0.000000,353,0.001040
382,0,0.000000,369,0.001088
383,0,0.000000,347,0.001023
384,0,0.000000,322,0.000949
385,0,0.000000,351,0.001035
386,0,0.000000,368,0.001085
387,0,0.000000,352,0.001037
388,0,0.000000,339,0.000999
389,0,0.000000,319,0.000940
390,0,0.000000,379,0.001117
391,0,0.000000,317,0.000934
392,0,0.000000,371,0.001093
393,0,0.000000,383,0.001129
394,0,0.000000,353,0.001040
395,0,0.000000,384,0.001132
396,0,0.000000,350,0.001032
397,0,0.000000,340,0.001002
398,0,0.000000,344,0.001014
399,0,0.000000,345,0.001017
400,0,0.000000,377,0.001111
401,0,0.000000,368,0.001085
402,0,0.000000,313,0.000923
403,0,0.000000,366,0.001079
404,0,0.000000,354,0.001043
405,0,0.000000,334,0.000984
406,0,0.000000,379,0.001117
407,0,0.000000,387,0.001141
408,0,0.000000,372,0.001096
409,0,0.000000,362,0.001067
410,0,0.000000,340,0.001002
411,0,0.000000,310,0.000914
412,0,0.000000,356,0.001049
413,0,0.000000,323,0.000952
414,0,0.000000,364,0.001073
415,0,0.000000,407,0.001200
416,0,0.000000,394,0.001161
417,0,0.000000,413,0.001217
418,0,0.000000,350,0.001032
419,0,0.000000,356,0.001049
420,0,0.000000,394,0.001161
421,0,0.000000,378,0.001114
422,0,0.000000,328,0.000967
423,0,0.000000,337,0.000993
424,0,0.000000,348,0.001026
425,0,0.000000,408,0.001203
426,0,0.000000,372,0.001096
427,0,0.000000,342,0.001008
428,0,0.000000,360,0.001061
429,0,0.000000,338,0.000996
430,0,0.000000,358,0.001055
431,0,0.000000,403,0.001188
432,0,0.000000,358,0.001055
433,0,0.000000,381,0.001123
434,0,0.000000,356,0.001049
435,0,0.000000,399,0.001176
436,0,0.000000,390,0.001149
437,0,0.000000,369,0.001088
438,0,0.000000,379,0.001117
439,0,0.000000,382,0.001126
440,0,0.000000,386,0.001138
441,0,0.000000,372,0.001096
442,0,0.000000,367,0.001082
443,0,0.000000,366,0.001079
444,0,0.000000,352,0.001037
445,0,0.000000,374,0.001102
446,0,0.000000,361,0.001064
447,0,0.000000,349,0.001029
448,0,0.000000,370,0.001091
449,0,0.000000,370,0.001091
450,0,0.000000,382,0.001126
451,0,0.000000,346,0.001020
452,0,0.000000,345,0.001017
453,0,0.000000,371,0.001093
454,0,0.000000,342,0.001008
455,0,0.000000,365,0.001076
456,0,0.000000,359,0.001058
457,0,0.000000,377,0.001111
458,0,0.000000,373,0.001099
459,0,0.000000,378,0.001114
460,0,0.000000,333,0.000981
461,0,0.000000,321,0.000946
462,0,0.000000,391,0.001152
463,0,0.000000,417,0.001229
464,0,0.000000,365,0.001076
465,0,0.000000,372,0.001096
466,0,0.000000,369,0.001088
467,0,0.000000,387,0.001141
468,0,0.000000,409,0.001205
469,0,0.000000,423,0.001247
470,0,0.000000,363,0.001070
471,0,0.000000,382,0.001126
472,0,0.000000,386,0.001138
473,0,0.000000,365,0.001076
474,0,0.000000,366,0.001079
475,0,0.000000,394,0.001161
476,0,0.000000,400,0.001179
477,0,0.000000,427,0.001259
478,0,0.000000,362,0.001067
479,0,0.000000,350,0.001032
480,0,0.000000,388,0.001144
481,0,0.000000,410,0.001208
482,0,0.000000,382,0.001126
483,0,0.000000,366,0.001079
484,0,0.000000,405,0.001194
485,0,0.000000,386,0.001138
486,0,0.000000,354,0.001043
487,0,0.000000,419,0.001235
488,0,0.000000,394,0.001161
489,0,0.000000,396,0.001167
490,0,0.000000,420,0.001238
491,0,0.000000,378,0.001114
492,0,0.000000,383,0.001129
493,0,0.000000,384,0.001132
494,0,0.000000,405,0.001194
495,0,0.000000,385,0.001135
496,0,0.000000,390,0.001149
497,0,0.000000,447,0.001317
498,0,0.000000,394,0.001161
499,0,0.000000,377,0.001111
500,0,0.000000,388,0.001144
